{
  "IcoMoonType": "selection",
  "icons": [
    {
      "icon": {
        "paths": [
          "M981.188 160.108c-143.632-20.65-302.332-32.108-469.186-32.108-166.86 0-325.556 11.458-469.194 32.108-27.53 107.726-42.808 226.75-42.808 351.892 0 125.14 15.278 244.166 42.808 351.89 143.638 20.652 302.336 32.11 469.194 32.11 166.854 0 325.552-11.458 469.186-32.11 27.532-107.724 42.812-226.75 42.812-351.89 0-125.142-15.28-244.166-42.812-351.892zM384.002 704v-384l320 192-320 192z"
        ],
        "tags": [
          "play",
          "video",
          "movie"
        ],
        "defaultCode": 59666,
        "grid": 16,
        "attrs": []
      },
      "attrs": [],
      "properties": {
        "ligatures": "play, video",
        "name": "play",
        "order": 24,
        "id": 19,
        "prevSize": 16,
        "code": 59666
      },
      "setIdx": 1,
      "setId": 1,
      "iconIdx": 20
    },
    {
      "icon": {
        "paths": [
          "M761.862 1024c113.726-206.032 132.888-520.306-313.862-509.824v253.824l-384-384 384-384v248.372c534.962-13.942 594.57 472.214 313.862 775.628z"
        ],
        "tags": [
          "undo",
          "left",
          "arrow-left"
        ],
        "defaultCode": 59751,
        "grid": 16,
        "attrs": []
      },
      "attrs": [],
      "properties": {
        "ligatures": "undo2, left",
        "name": "undo2",
        "order": 27,
        "id": 104,
        "prevSize": 16,
        "code": 59751
      },
      "setIdx": 1,
      "setId": 1,
      "iconIdx": 105
    },
    {
      "icon": {
        "paths": [
          "M877.254 402.746l-320-320c-24.992-24.994-65.514-24.994-90.508 0l-320 320c-24.994 24.994-24.994 65.516 0 90.51 24.994 24.996 65.516 24.996 90.51 0l210.744-210.746v613.49c0 35.346 28.654 64 64 64s64-28.654 64-64v-613.49l210.746 210.746c12.496 12.496 28.876 18.744 45.254 18.744s32.758-6.248 45.254-18.746c24.994-24.994 24.994-65.514 0-90.508z"
        ],
        "tags": [
          "arrow-up",
          "up",
          "upload",
          "top"
        ],
        "defaultCode": 59962,
        "grid": 16,
        "attrs": []
      },
      "attrs": [],
      "properties": {
        "ligatures": "arrow-up2, up2",
        "name": "arrow-up2",
        "order": 20,
        "id": 315,
        "prevSize": 16,
        "code": 59962
      },
      "setIdx": 1,
      "setId": 1,
      "iconIdx": 316
    },
    {
      "icon": {
        "paths": [
          "M621.254 877.254l320-320c24.994-24.992 24.994-65.516 0-90.51l-320-320c-24.994-24.992-65.516-24.992-90.51 0-24.994 24.994-24.994 65.516 0 90.51l210.746 210.746h-613.49c-35.346 0-64 28.654-64 64s28.654 64 64 64h613.49l-210.746 210.746c-12.496 12.496-18.744 28.876-18.744 45.254s6.248 32.758 18.744 45.254c24.994 24.994 65.516 24.994 90.51 0z"
        ],
        "tags": [
          "arrow-right",
          "right",
          "next"
        ],
        "defaultCode": 59964,
        "grid": 16,
        "attrs": []
      },
      "attrs": [],
      "properties": {
        "ligatures": "arrow-right2, right4",
        "name": "arrow-right2",
        "order": 28,
        "id": 317,
        "prevSize": 16,
        "code": 59964
      },
      "setIdx": 1,
      "setId": 1,
      "iconIdx": 318
    },
    {
      "icon": {
        "paths": [
          "M877.254 621.254l-320 320c-24.992 24.994-65.514 24.994-90.508 0l-320-320c-24.994-24.994-24.994-65.516 0-90.51 24.994-24.996 65.516-24.996 90.51 0l210.744 210.746v-613.49c0-35.346 28.654-64 64-64s64 28.654 64 64v613.49l210.746-210.746c12.496-12.496 28.876-18.744 45.254-18.744s32.758 6.248 45.254 18.746c24.994 24.994 24.994 65.514 0 90.508z"
        ],
        "tags": [
          "arrow-down",
          "down",
          "download",
          "bottom"
        ],
        "defaultCode": 59966,
        "grid": 16,
        "attrs": []
      },
      "attrs": [],
      "properties": {
        "ligatures": "arrow-down2, down2",
        "name": "arrow-down2",
        "order": 21,
        "id": 319,
        "prevSize": 16,
        "code": 59966
      },
      "setIdx": 1,
      "setId": 1,
      "iconIdx": 320
    },
    {
      "icon": {
        "paths": [
          "M928 0h-832c-52.8 0-96 43.2-96 96v832c0 52.8 43.2 96 96 96h832c52.8 0 96-43.2 96-96v-832c0-52.8-43.2-96-96-96zM384 768c-141.6 0-256-114.4-256-256s114.4-256 256-256c69.2 0 127 25.2 171.6 67l-69.6 66.8c-19-18.2-52.2-39.4-102-39.4-87.4 0-158.8 72.4-158.8 161.6s71.4 161.6 158.8 161.6c101.4 0 139.4-72.8 145.2-110.4h-145.2v-87.8h241.8c2.2 12.8 4 25.6 4 42.4 0 146.4-98 250.2-245.8 250.2zM896 512h-64v64h-64v-64h-64v-64h64v-64h64v64h64v64z"
        ],
        "tags": [
          "google-plus",
          "brand",
          "social"
        ],
        "defaultCode": 60044,
        "grid": 16,
        "attrs": []
      },
      "attrs": [],
      "properties": {
        "ligatures": "google-plus2, brand6",
        "name": "google-plus2",
        "order": 26,
        "id": 397,
        "prevSize": 16,
        "code": 60044
      },
      "setIdx": 1,
      "setId": 1,
      "iconIdx": 398
    },
    {
      "icon": {
        "paths": [
          "M928 0h-832c-52.8 0-96 43.2-96 96v832c0 52.8 43.2 96 96 96h416v-448h-128v-128h128v-64c0-105.8 86.2-192 192-192h128v128h-128c-35.2 0-64 28.8-64 64v64h192l-32 128h-160v448h288c52.8 0 96-43.2 96-96v-832c0-52.8-43.2-96-96-96z"
        ],
        "tags": [
          "facebook",
          "brand",
          "social"
        ],
        "defaultCode": 60049,
        "grid": 16,
        "attrs": []
      },
      "attrs": [],
      "properties": {
        "ligatures": "facebook2, brand11",
        "name": "facebook2",
        "order": 25,
        "id": 402,
        "prevSize": 16,
        "code": 60049
      },
      "setIdx": 1,
      "setId": 1,
      "iconIdx": 403
    },
    {
      "icon": {
        "paths": [
          "M512 92.2c136.8 0 153 0.6 206.8 3 50 2.2 77 10.6 95 17.6 23.8 9.2 41 20.4 58.8 38.2 18 18 29 35 38.4 58.8 7 18 15.4 45.2 17.6 95 2.4 54 3 70.2 3 206.8s-0.6 153-3 206.8c-2.2 50-10.6 77-17.6 95-9.2 23.8-20.4 41-38.2 58.8-18 18-35 29-58.8 38.4-18 7-45.2 15.4-95 17.6-54 2.4-70.2 3-206.8 3s-153-0.6-206.8-3c-50-2.2-77-10.6-95-17.6-23.8-9.2-41-20.4-58.8-38.2-18-18-29-35-38.4-58.8-7-18-15.4-45.2-17.6-95-2.4-54-3-70.2-3-206.8s0.6-153 3-206.8c2.2-50 10.6-77 17.6-95 9.2-23.8 20.4-41 38.2-58.8 18-18 35-29 58.8-38.4 18-7 45.2-15.4 95-17.6 53.8-2.4 70-3 206.8-3zM512 0c-139 0-156.4 0.6-211 3-54.4 2.4-91.8 11.2-124.2 23.8-33.8 13.2-62.4 30.6-90.8 59.2-28.6 28.4-46 57-59.2 90.6-12.6 32.6-21.4 69.8-23.8 124.2-2.4 54.8-3 72.2-3 211.2s0.6 156.4 3 211c2.4 54.4 11.2 91.8 23.8 124.2 13.2 33.8 30.6 62.4 59.2 90.8 28.4 28.4 57 46 90.6 59 32.6 12.6 69.8 21.4 124.2 23.8 54.6 2.4 72 3 211 3s156.4-0.6 211-3c54.4-2.4 91.8-11.2 124.2-23.8 33.6-13 62.2-30.6 90.6-59s46-57 59-90.6c12.6-32.6 21.4-69.8 23.8-124.2 2.4-54.6 3-72 3-211s-0.6-156.4-3-211c-2.4-54.4-11.2-91.8-23.8-124.2-12.6-34-30-62.6-58.6-91-28.4-28.4-57-46-90.6-59-32.6-12.6-69.8-21.4-124.2-23.8-54.8-2.6-72.2-3.2-211.2-3.2v0z",
          "M512 249c-145.2 0-263 117.8-263 263s117.8 263 263 263 263-117.8 263-263c0-145.2-117.8-263-263-263zM512 682.6c-94.2 0-170.6-76.4-170.6-170.6s76.4-170.6 170.6-170.6c94.2 0 170.6 76.4 170.6 170.6s-76.4 170.6-170.6 170.6z",
          "M846.8 238.6c0 33.91-27.49 61.4-61.4 61.4s-61.4-27.49-61.4-61.4c0-33.91 27.49-61.4 61.4-61.4s61.4 27.49 61.4 61.4z"
        ],
        "tags": [
          "instagram",
          "brand",
          "social"
        ],
        "defaultCode": 60050,
        "grid": 16,
        "attrs": []
      },
      "attrs": [],
      "properties": {
        "ligatures": "instagram, brand12",
        "name": "instagram",
        "order": 23,
        "id": 403,
        "prevSize": 16,
        "code": 60050
      },
      "setIdx": 1,
      "setId": 1,
      "iconIdx": 404
    },
    {
      "icon": {
        "paths": [
          "M928 0h-832c-52.8 0-96 43.2-96 96v832c0 52.8 43.2 96 96 96h832c52.8 0 96-43.2 96-96v-832c0-52.8-43.2-96-96-96zM829.4 716.8l-93.6 1.4c0 0-20.2 4-46.6-14.2-35-24-68-86.6-93.8-78.4-26 8.2-25.2 64.4-25.2 64.4s0.2 12-5.8 18.4c-6.4 7-19.2 8.4-19.2 8.4h-41.8c0 0-92.4 5.6-173.8-79.2-88.8-92.4-167.2-275.8-167.2-275.8s-4.6-12 0.4-17.8c5.6-6.6 20.6-7 20.6-7l100.2-0.6c0 0 9.4 1.6 16.2 6.6 5.6 4 8.6 11.8 8.6 11.8s16.2 41 37.6 78c41.8 72.2 61.4 88 75.6 80.4 20.6-11.2 14.4-102.2 14.4-102.2s0.4-33-10.4-47.6c-8.4-11.4-24.2-14.8-31-15.6-5.6-0.8 3.6-13.8 15.6-19.8 18-8.8 49.8-9.4 87.4-9 29.2 0.2 37.8 2.2 49.2 4.8 34.6 8.4 22.8 40.6 22.8 117.8 0 24.8-4.4 59.6 13.4 71 7.6 5 26.4 0.8 73.4-79 22.2-37.8 39-82.2 39-82.2s3.6-8 9.2-11.4c5.8-3.4 13.6-2.4 13.6-2.4l105.4-0.6c0 0 31.6-3.8 36.8 10.6 5.4 15-11.8 50-54.8 107.4-70.6 94.2-78.6 85.4-19.8 139.8 56 52 67.6 77.4 69.6 80.6 22.8 38.4-26 41.4-26 41.4z"
        ],
        "tags": [
          "vk",
          "brand",
          "social"
        ],
        "defaultCode": 60056,
        "grid": 16,
        "attrs": []
      },
      "attrs": [],
      "properties": {
        "name": "vk",
        "ligatures": "vk, brand18",
        "order": 22,
        "id": 409,
        "prevSize": 16,
        "code": 60056
      },
      "setIdx": 1,
      "setId": 1,
      "iconIdx": 410
    }
  ],
  "height": 1024,
  "metadata": {
    "name": "icomoon"
  },
  "preferences": {
    "showGlyphs": true,
    "showQuickUse": true,
    "showQuickUse2": true,
    "showSVGs": true,
    "fontPref": {
      "prefix": "icon-",
      "metadata": {
        "fontFamily": "icomoon",
        "majorVersion": 1,
        "minorVersion": 0
      },
      "metrics": {
        "emSize": 1024,
        "baseline": 6.25,
        "whitespace": 50
      },
      "embed": false,
      "autoHost": true,
      "showSelector": true,
      "showMetrics": true
    },
    "imagePref": {
      "prefix": "icon-",
      "png": true,
      "useClassSelector": true,
      "color": 0,
      "bgColor": 16777215,
      "classSelector": ".icon",
      "height": 32,
      "columns": 16,
      "margin": 16,
      "autoHost": true
    },
    "historySize": 50,
    "showCodes": true,
    "gridSize": 16,
    "showGrid": false,
    "quickUsageToken": {
      "UntitledProject": "NDc2ZjdiOWNkZWQ5MGMzY2U2MTZkOTJjYmEwZDU5MGIjMSMxNTI2MTQzNjc3IyMj"
    }
  }
}